chunk_id,arm,dataset_config_key,dataset_downloader_key,dataset_rows,dataset_size_tier,featurizer,featurizer_args_json,cross_validation,queue,mem_class,mem_gb_start,procs,n_configs,n_fold_fits,models,featurize_s_per_fold,featurize_cost_source,est_fixed_s,est_var_s,est_minutes,est_serial_minutes,featurize_share,moe_correction_level,n_groups,merged
prim_59169541df3f66aa,primary,sherwood,Sherwood,291551,XL,OneHotEncoder,"{""encode_components"":[""base"",""sugar"",""phosphate""]}",nucleobase,cpu,xl_tree_hi,30,2,15,75,"RandomForestModel,XGBoostModel",889.447,measured_other_cv,4447.2,2478.2,115.42,152.6,0.642,n/a,1,False
prim_f490f75528d07df3,primary,sherwood,Sherwood,291551,XL,OneHotEncoder,"{""encode_components"":[""base"",""sugar"",""phosphate""]}",random,cpu,xl_tree_hi,30,2,15,75,"RandomForestModel,XGBoostModel",889.447,measured_exact,4447.2,2478.2,115.42,152.6,0.642,n/a,1,False
prim_7fca14ed8fd48995,primary,sherwood,Sherwood,291551,XL,OneHotEncoder,"{""encode_components"":[""base""]}",nucleobase,cpu,xl_tree_hi,30,2,15,75,"RandomForestModel,XGBoostModel",889.447,measured_other_cv,4447.2,2478.2,115.42,152.6,0.642,n/a,1,False
prim_1667ee79424b5be3,primary,sherwood,Sherwood,291551,XL,OneHotEncoder,"{""encode_components"":[""base""]}",random,cpu,xl_tree_hi,30,2,15,75,"RandomForestModel,XGBoostModel",889.447,measured_exact,4447.2,2478.2,115.42,152.6,0.642,n/a,1,False
prim_a47f3ad724ea0bc7,primary,sherwood,Sherwood,291551,XL,OneHotEncoder,"{""encode_components"":[""base"",""sugar"",""phosphate""]}",nucleobase,cpu,std_xl_p7,30,7,8,40,"LinearModel,NearestNeighborsModel,RandomForestModel",889.447,measured_other_cv,4447.2,508.0,82.59,109.68,0.897,n/a,1,False
prim_e5a07a8f5856617f,primary,sherwood,Sherwood,291551,XL,OneHotEncoder,"{""encode_components"":[""base"",""sugar"",""phosphate""]}",random,cpu,std_xl_p7,30,7,8,40,"LinearModel,NearestNeighborsModel,RandomForestModel",889.447,measured_exact,4447.2,508.0,82.59,109.68,0.897,n/a,1,False
prim_b88216b7338bcd6c,primary,sherwood,Sherwood,291551,XL,OneHotEncoder,"{""encode_components"":[""base""]}",nucleobase,cpu,std_xl_p7,30,7,8,40,"LinearModel,NearestNeighborsModel,RandomForestModel",889.447,measured_other_cv,4447.2,508.0,82.59,109.68,0.897,n/a,1,False
prim_14603f0ecc6e5263,primary,sherwood,Sherwood,291551,XL,OneHotEncoder,"{""encode_components"":[""base""]}",random,cpu,std_xl_p7,30,7,8,40,"LinearModel,NearestNeighborsModel,RandomForestModel",889.447,measured_exact,4447.2,508.0,82.59,109.68,0.897,n/a,1,False
prim_07b35905cd3aa60a,primary,sherwood,Sherwood,291551,XL,KMersCounts,"{""k"":[1,2,3],""modification_abundance"":false}",nucleobase,cpu,xl_tree_hi,30,2,13,65,"RandomForestModel,XGBoostModel",480.639,measured_other_cv,2403.2,2391.1,79.91,115.77,0.501,n/a,1,False
prim_9a4889c2dce267e2,primary,sherwood,Sherwood,291551,XL,KMersCounts,"{""k"":[1,2,3],""modification_abundance"":false}",random,cpu,xl_tree_hi,30,2,13,65,"RandomForestModel,XGBoostModel",480.639,measured_exact,2403.2,2391.1,79.91,115.77,0.501,n/a,1,False
prim_9477af2e78488da9,primary,sherwood,Sherwood,291551,XL,KMersCounts,"{""k"":[1,2,3],""modification_abundance"":true}",nucleobase,cpu,xl_tree_hi,30,2,13,65,"RandomForestModel,XGBoostModel",480.639,measured_other_cv,2403.2,2391.1,79.91,115.77,0.501,n/a,1,False
prim_6bda0f66424d017d,primary,sherwood,Sherwood,291551,XL,KMersCounts,"{""k"":[1,2,3],""modification_abundance"":true}",random,cpu,xl_tree_hi,30,2,13,65,"RandomForestModel,XGBoostModel",480.639,measured_exact,2403.2,2391.1,79.91,115.77,0.501,n/a,1,False
prim_4d21dd9512806090,primary,sherwood,Sherwood,291551,XL,KMersCounts,"{""k"":[1,2],""modification_abundance"":false}",nucleobase,cpu,xl_tree_hi,30,2,13,65,"RandomForestModel,XGBoostModel",480.639,measured_other_cv,2403.2,2391.1,79.91,115.77,0.501,n/a,1,False
prim_a8bfbf068eaa2609,primary,sherwood,Sherwood,291551,XL,KMersCounts,"{""k"":[1,2],""modification_abundance"":false}",random,cpu,xl_tree_hi,30,2,13,65,"RandomForestModel,XGBoostModel",480.639,measured_exact,2403.2,2391.1,79.91,115.77,0.501,n/a,1,False
prim_2e4c0aef7bb92d5a,primary,sherwood,Sherwood,291551,XL,KMersCounts,"{""k"":[1,2],""modification_abundance"":true}",nucleobase,cpu,xl_tree_hi,30,2,13,65,"RandomForestModel,XGBoostModel",480.639,measured_other_cv,2403.2,2391.1,79.91,115.77,0.501,n/a,1,False
prim_d45f33fc77316bb8,primary,sherwood,Sherwood,291551,XL,KMersCounts,"{""k"":[1,2],""modification_abundance"":true}",random,cpu,xl_tree_hi,30,2,13,65,"RandomForestModel,XGBoostModel",480.639,measured_exact,2403.2,2391.1,79.91,115.77,0.501,n/a,1,False
prim_aa5b89c5c0b8a7b7,primary,sherwood,Sherwood,291551,XL,KMersCounts,"{""k"":[1],""modification_abundance"":false}",nucleobase,cpu,xl_tree_hi,30,2,13,65,"RandomForestModel,XGBoostModel",480.639,measured_other_cv,2403.2,2391.1,79.91,115.77,0.501,n/a,1,False
prim_81392c02467d0eca,primary,sherwood,Sherwood,291551,XL,KMersCounts,"{""k"":[1],""modification_abundance"":false}",random,cpu,xl_tree_hi,30,2,13,65,"RandomForestModel,XGBoostModel",480.639,measured_exact,2403.2,2391.1,79.91,115.77,0.501,n/a,1,False
prim_ac50e164562436a3,primary,sherwood,Sherwood,291551,XL,KMersCounts,"{""k"":[1],""modification_abundance"":true}",nucleobase,cpu,xl_tree_hi,30,2,13,65,"RandomForestModel,XGBoostModel",480.639,measured_other_cv,2403.2,2391.1,79.91,115.77,0.501,n/a,1,False
prim_099ce5a892a33a6f,primary,sherwood,Sherwood,291551,XL,KMersCounts,"{""k"":[1],""modification_abundance"":true}",random,cpu,xl_tree_hi,30,2,13,65,"RandomForestModel,XGBoostModel",480.639,measured_exact,2403.2,2391.1,79.91,115.77,0.501,n/a,1,False
prim_cbf29ad2da09dde4,primary,sherwood,Sherwood,291551,XL,KMersCounts,"{""k"":[1,2,3],""modification_abundance"":false}",nucleobase,cpu,std_xl_p7,30,7,8,40,"LinearModel,NearestNeighborsModel,RandomForestModel",480.639,measured_other_cv,2403.2,508.0,48.52,75.62,0.825,n/a,1,False
prim_c4b60a241e9f58f1,primary,sherwood,Sherwood,291551,XL,KMersCounts,"{""k"":[1,2,3],""modification_abundance"":false}",random,cpu,std_xl_p7,30,7,8,40,"LinearModel,NearestNeighborsModel,RandomForestModel",480.639,measured_exact,2403.2,508.0,48.52,75.62,0.825,n/a,1,False
prim_51c491fe773cd0d6,primary,sherwood,Sherwood,291551,XL,KMersCounts,"{""k"":[1,2,3],""modification_abundance"":true}",nucleobase,cpu,std_xl_p7,30,7,8,40,"LinearModel,NearestNeighborsModel,RandomForestModel",480.639,measured_other_cv,2403.2,508.0,48.52,75.62,0.825,n/a,1,False
prim_b1ffd369240a696e,primary,sherwood,Sherwood,291551,XL,KMersCounts,"{""k"":[1,2,3],""modification_abundance"":true}",random,cpu,std_xl_p7,30,7,8,40,"LinearModel,NearestNeighborsModel,RandomForestModel",480.639,measured_exact,2403.2,508.0,48.52,75.62,0.825,n/a,1,False
prim_ce29dc93e575206c,primary,sherwood,Sherwood,291551,XL,KMersCounts,"{""k"":[1,2],""modification_abundance"":false}",nucleobase,cpu,std_xl_p7,30,7,8,40,"LinearModel,NearestNeighborsModel,RandomForestModel",480.639,measured_other_cv,2403.2,508.0,48.52,75.62,0.825,n/a,1,False
prim_22fc7f5b45e05f0a,primary,sherwood,Sherwood,291551,XL,KMersCounts,"{""k"":[1,2],""modification_abundance"":false}",random,cpu,std_xl_p7,30,7,8,40,"LinearModel,NearestNeighborsModel,RandomForestModel",480.639,measured_exact,2403.2,508.0,48.52,75.62,0.825,n/a,1,False
prim_93e7b96aeebef648,primary,sherwood,Sherwood,291551,XL,KMersCounts,"{""k"":[1,2],""modification_abundance"":true}",nucleobase,cpu,std_xl_p7,30,7,8,40,"LinearModel,NearestNeighborsModel,RandomForestModel",480.639,measured_other_cv,2403.2,508.0,48.52,75.62,0.825,n/a,1,False
prim_9815ac2fcf141cdb,primary,sherwood,Sherwood,291551,XL,KMersCounts,"{""k"":[1,2],""modification_abundance"":true}",random,cpu,std_xl_p7,30,7,8,40,"LinearModel,NearestNeighborsModel,RandomForestModel",480.639,measured_exact,2403.2,508.0,48.52,75.62,0.825,n/a,1,False
prim_838838618ed98453,primary,sherwood,Sherwood,291551,XL,KMersCounts,"{""k"":[1],""modification_abundance"":false}",nucleobase,cpu,std_xl_p7,30,7,8,40,"LinearModel,NearestNeighborsModel,RandomForestModel",480.639,measured_other_cv,2403.2,508.0,48.52,75.62,0.825,n/a,1,False
prim_ec0581d0bdd2d601,primary,sherwood,Sherwood,291551,XL,KMersCounts,"{""k"":[1],""modification_abundance"":false}",random,cpu,std_xl_p7,30,7,8,40,"LinearModel,NearestNeighborsModel,RandomForestModel",480.639,measured_exact,2403.2,508.0,48.52,75.62,0.825,n/a,1,False
prim_6d3eaac05efeccc1,primary,sherwood,Sherwood,291551,XL,KMersCounts,"{""k"":[1],""modification_abundance"":true}",nucleobase,cpu,std_xl_p7,30,7,8,40,"LinearModel,NearestNeighborsModel,RandomForestModel",480.639,measured_other_cv,2403.2,508.0,48.52,75.62,0.825,n/a,1,False
prim_669d8b41ba386c9b,primary,sherwood,Sherwood,291551,XL,KMersCounts,"{""k"":[1],""modification_abundance"":true}",random,cpu,std_xl_p7,30,7,8,40,"LinearModel,NearestNeighborsModel,RandomForestModel",480.639,measured_exact,2403.2,508.0,48.52,75.62,0.825,n/a,1,False
prim_4163cf3ef1fc0327,primary,sherwood,Sherwood,291551,XL,KMersCounts,"{""k"":[1,2,3],""modification_abundance"":false}",nucleobase,cpu,xl_tree_hi,30,2,2,10,XGBoostModel,480.639,measured_other_cv,2403.2,87.0,41.5,42.81,0.965,n/a,1,False
prim_4d36a6d0a3e00ef4,primary,sherwood,Sherwood,291551,XL,KMersCounts,"{""k"":[1,2,3],""modification_abundance"":false}",random,cpu,xl_tree_hi,30,2,2,10,XGBoostModel,480.639,measured_exact,2403.2,87.0,41.5,42.81,0.965,n/a,1,False
prim_6c7ee2f88bb9b527,primary,sherwood,Sherwood,291551,XL,KMersCounts,"{""k"":[1,2,3],""modification_abundance"":true}",nucleobase,cpu,xl_tree_hi,30,2,2,10,XGBoostModel,480.639,measured_other_cv,2403.2,87.0,41.5,42.81,0.965,n/a,1,False
prim_71a26f1f261e4af9,primary,sherwood,Sherwood,291551,XL,KMersCounts,"{""k"":[1,2,3],""modification_abundance"":true}",random,cpu,xl_tree_hi,30,2,2,10,XGBoostModel,480.639,measured_exact,2403.2,87.0,41.5,42.81,0.965,n/a,1,False
prim_1e0f832bbd014a05,primary,sherwood,Sherwood,291551,XL,KMersCounts,"{""k"":[1,2],""modification_abundance"":false}",nucleobase,cpu,xl_tree_hi,30,2,2,10,XGBoostModel,480.639,measured_other_cv,2403.2,87.0,41.5,42.81,0.965,n/a,1,False
prim_d92441801aa5aadc,primary,sherwood,Sherwood,291551,XL,KMersCounts,"{""k"":[1,2],""modification_abundance"":false}",random,cpu,xl_tree_hi,30,2,2,10,XGBoostModel,480.639,measured_exact,2403.2,87.0,41.5,42.81,0.965,n/a,1,False
prim_148e0fdfc610ac17,primary,sherwood,Sherwood,291551,XL,KMersCounts,"{""k"":[1,2],""modification_abundance"":true}",nucleobase,cpu,xl_tree_hi,30,2,2,10,XGBoostModel,480.639,measured_other_cv,2403.2,87.0,41.5,42.81,0.965,n/a,1,False
prim_89e21c6c57d90494,primary,sherwood,Sherwood,291551,XL,KMersCounts,"{""k"":[1,2],""modification_abundance"":true}",random,cpu,xl_tree_hi,30,2,2,10,XGBoostModel,480.639,measured_exact,2403.2,87.0,41.5,42.81,0.965,n/a,1,False
prim_0cc567a06af92b94,primary,sherwood,Sherwood,291551,XL,KMersCounts,"{""k"":[1],""modification_abundance"":false}",nucleobase,cpu,xl_tree_hi,30,2,2,10,XGBoostModel,480.639,measured_other_cv,2403.2,87.0,41.5,42.81,0.965,n/a,1,False
prim_01a24218052fcc4f,primary,sherwood,Sherwood,291551,XL,KMersCounts,"{""k"":[1],""modification_abundance"":false}",random,cpu,xl_tree_hi,30,2,2,10,XGBoostModel,480.639,measured_exact,2403.2,87.0,41.5,42.81,0.965,n/a,1,False
prim_c8a1f756c317288d,primary,sherwood,Sherwood,291551,XL,KMersCounts,"{""k"":[1],""modification_abundance"":true}",nucleobase,cpu,xl_tree_hi,30,2,2,10,XGBoostModel,480.639,measured_other_cv,2403.2,87.0,41.5,42.81,0.965,n/a,1,False
prim_cbb0d2b072dbf590,primary,sherwood,Sherwood,291551,XL,KMersCounts,"{""k"":[1],""modification_abundance"":true}",random,cpu,xl_tree_hi,30,2,2,10,XGBoostModel,480.639,measured_exact,2403.2,87.0,41.5,42.81,0.965,n/a,1,False
primm_cf2d84918e6e21a2,primary,MIXED,Huesken|Neurotox LNA|Neurotox MOE,2437,M,KMersCounts,MIXED,MIXED,cpu,std_m_p8,16,8,529,2645,"LinearModel,NearestNeighborsModel,RandomForestModel,XGBoostModel",110.106,measured_exact|measured_tier_median,550.3,1244.3,29.89,109.76,0.307,n/a,23,True
primm_4c6123d2ddeca1c5,primary,MIXED,Huesken|Neurotox LNA|Neurotox MOE|OpenASO,3913,M,MIXED,MIXED,MIXED,cpu,std_m_p8,16,8,437,2185,"LinearModel,NearestNeighborsModel,RandomForestModel,XGBoostModel",143.629,measured_exact|measured_tier_median,717.8,1027.9,29.13,95.06,0.411,n/a,19,True
primm_539f3408ebbe1f23,primary,MIXED,Huesken|Neurotox LNA|Neurotox MOE|OpenASO,3913,M,KMersCounts,MIXED,MIXED,cpu,std_m_p8,16,8,506,2530,"LinearModel,NearestNeighborsModel,RandomForestModel,XGBoostModel",108.501,measured_exact|measured_tier_median,542.3,1190.2,28.88,105.22,0.313,n/a,22,True
prim_49057ec5243042a7,primary,asoptimizer_cleaned,ASOptimizer,32602,L,OneHotEncoder,"{""encode_components"":[""base"",""sugar"",""phosphate""]}",random,cpu,std_l_p8,30,8,23,115,"LinearModel,NearestNeighborsModel,RandomForestModel,XGBoostModel",89.717,measured_exact,448.6,933.2,23.03,82.91,0.325,n/a,1,False
prim_cf679af408f570dd,primary,asoptimizer_cleaned,ASOptimizer,32602,L,OneHotEncoder,"{""encode_components"":[""base""]}",random,cpu,std_l_p8,30,8,23,115,"LinearModel,NearestNeighborsModel,RandomForestModel,XGBoostModel",89.717,measured_exact,448.6,933.2,23.03,82.91,0.325,n/a,1,False
prim_1f5cfaac28f3b4d6,primary,asoptimizer_cleaned,ASOptimizer,32602,L,OneHotEncoder,"{""encode_components"":[""base"",""sugar"",""phosphate""]}",nucleobase,cpu,std_l_p8,30,8,23,115,"LinearModel,NearestNeighborsModel,RandomForestModel,XGBoostModel",82.998,measured_exact,415.0,933.2,22.47,82.35,0.308,n/a,1,False
prim_40bd8f790f26c57a,primary,asoptimizer_cleaned,ASOptimizer,32602,L,OneHotEncoder,"{""encode_components"":[""base""]}",nucleobase,cpu,std_l_p8,30,8,23,115,"LinearModel,NearestNeighborsModel,RandomForestModel,XGBoostModel",82.998,measured_exact,415.0,933.2,22.47,82.35,0.308,n/a,1,False
prim_a307ee8d5653afa7,primary,asoptimizer_cleaned,ASOptimizer,32602,L,KMersCounts,"{""k"":[1,2,3],""modification_abundance"":false}",nucleobase,cpu,std_l_p8,30,8,23,115,"LinearModel,NearestNeighborsModel,RandomForestModel,XGBoostModel",48.508,measured_exact,242.5,933.2,19.6,79.48,0.206,n/a,1,False
prim_1eb2e57a69992b46,primary,asoptimizer_cleaned,ASOptimizer,32602,L,KMersCounts,"{""k"":[1,2,3],""modification_abundance"":true}",nucleobase,cpu,std_l_p8,30,8,23,115,"LinearModel,NearestNeighborsModel,RandomForestModel,XGBoostModel",48.508,measured_exact,242.5,933.2,19.6,79.48,0.206,n/a,1,False
prim_6c62e83164d068e0,primary,asoptimizer_cleaned,ASOptimizer,32602,L,KMersCounts,"{""k"":[1,2],""modification_abundance"":false}",nucleobase,cpu,std_l_p8,30,8,23,115,"LinearModel,NearestNeighborsModel,RandomForestModel,XGBoostModel",48.508,measured_exact,242.5,933.2,19.6,79.48,0.206,n/a,1,False
prim_e6c4bf4e48446d9a,primary,asoptimizer_cleaned,ASOptimizer,32602,L,KMersCounts,"{""k"":[1,2],""modification_abundance"":true}",nucleobase,cpu,std_l_p8,30,8,23,115,"LinearModel,NearestNeighborsModel,RandomForestModel,XGBoostModel",48.508,measured_exact,242.5,933.2,19.6,79.48,0.206,n/a,1,False
prim_2854e306d9f9846d,primary,asoptimizer_cleaned,ASOptimizer,32602,L,KMersCounts,"{""k"":[1],""modification_abundance"":false}",nucleobase,cpu,std_l_p8,30,8,23,115,"LinearModel,NearestNeighborsModel,RandomForestModel,XGBoostModel",48.508,measured_exact,242.5,933.2,19.6,79.48,0.206,n/a,1,False
prim_0df63ec8ec9233e0,primary,asoptimizer_cleaned,ASOptimizer,32602,L,KMersCounts,"{""k"":[1],""modification_abundance"":true}",nucleobase,cpu,std_l_p8,30,8,23,115,"LinearModel,NearestNeighborsModel,RandomForestModel,XGBoostModel",48.508,measured_exact,242.5,933.2,19.6,79.48,0.206,n/a,1,False
prim_68992813921575a9,primary,asoptimizer_cleaned,ASOptimizer,32602,L,KMersCounts,"{""k"":[1,2,3],""modification_abundance"":false}",random,cpu,std_l_p8,30,8,23,115,"LinearModel,NearestNeighborsModel,RandomForestModel,XGBoostModel",48.42,measured_exact,242.1,933.2,19.59,79.47,0.206,n/a,1,False
prim_bd5f7d0267f73b89,primary,asoptimizer_cleaned,ASOptimizer,32602,L,KMersCounts,"{""k"":[1,2,3],""modification_abundance"":true}",random,cpu,std_l_p8,30,8,23,115,"LinearModel,NearestNeighborsModel,RandomForestModel,XGBoostModel",48.42,measured_exact,242.1,933.2,19.59,79.47,0.206,n/a,1,False
prim_5dd710b4a62236a5,primary,asoptimizer_cleaned,ASOptimizer,32602,L,KMersCounts,"{""k"":[1,2],""modification_abundance"":false}",random,cpu,std_l_p8,30,8,23,115,"LinearModel,NearestNeighborsModel,RandomForestModel,XGBoostModel",48.42,measured_exact,242.1,933.2,19.59,79.47,0.206,n/a,1,False
prim_89751ed87fda8325,primary,asoptimizer_cleaned,ASOptimizer,32602,L,KMersCounts,"{""k"":[1,2],""modification_abundance"":true}",random,cpu,std_l_p8,30,8,23,115,"LinearModel,NearestNeighborsModel,RandomForestModel,XGBoostModel",48.42,measured_exact,242.1,933.2,19.59,79.47,0.206,n/a,1,False
prim_de90febed6f1763d,primary,asoptimizer_cleaned,ASOptimizer,32602,L,KMersCounts,"{""k"":[1],""modification_abundance"":false}",random,cpu,std_l_p8,30,8,23,115,"LinearModel,NearestNeighborsModel,RandomForestModel,XGBoostModel",48.42,measured_exact,242.1,933.2,19.59,79.47,0.206,n/a,1,False
prim_5de06e36c95665c8,primary,asoptimizer_cleaned,ASOptimizer,32602,L,KMersCounts,"{""k"":[1],""modification_abundance"":true}",random,cpu,std_l_p8,30,8,23,115,"LinearModel,NearestNeighborsModel,RandomForestModel,XGBoostModel",48.42,measured_exact,242.1,933.2,19.59,79.47,0.206,n/a,1,False
primm_a12b652f69cf8b70,primary,MIXED,Cytotox LNA|Ichihara|Shmushkovich|TLR7|TLR8|siRNAmod,907,S,MIXED,MIXED,MIXED,cpu,std_s_p8,16,8,2208,11040,"LinearModel,NearestNeighborsModel,RandomForestModel,XGBoostModel",61.48,measured_exact|measured_tier_median,306.8,460.8,12.78,41.74,0.4,n/a,96,True
prim_8b6ddc5103664258,primary,sherwood,Sherwood,291551,XL,HELMGraph,{},nucleobase,gpu,std_xl_p7,30,2,11,55,GNN,1395.6,measured_tier_median,6978.0,5487.8,207.76,500.45,0.56,n/a,1,False
prim_a2ca5aa813f318fd,primary,sherwood,Sherwood,291551,XL,HELMGraph,{},random,gpu,std_xl_p7,30,7,11,55,GNN,1395.6,measured_tier_median,6978.0,5487.8,207.76,500.45,0.56,n/a,1,False
prim_e6f7d460f8d5ac92,primary,sherwood,Sherwood,291551,XL,OneHotEncoder,"{""encode_components"":[""base"",""sugar"",""phosphate""]}",nucleobase,gpu,std_xl_p7,30,2,29,145,"CNN,GRU,Transformer",889.447,measured_other_cv,4447.2,4346.3,146.56,378.36,0.506,n/a,1,False
prim_78d2cb57526d3265,primary,sherwood,Sherwood,291551,XL,OneHotEncoder,"{""encode_components"":[""base""]}",nucleobase,gpu,std_xl_p7,30,2,29,145,"CNN,GRU,Transformer",889.447,measured_other_cv,4447.2,4346.3,146.56,378.36,0.506,n/a,1,False
prim_d8f5e5963b101b9d,primary,sherwood,Sherwood,291551,XL,OneHotEncoder,"{""encode_components"":[""base""]}",random,gpu,std_xl_p7,30,7,29,145,"CNN,GRU,Transformer",889.447,measured_exact,4447.2,4346.3,146.56,378.36,0.506,n/a,1,False
prim_c80f79055320c569,primary,sherwood,Sherwood,291551,XL,OneHotEncoder,"{""encode_components"":[""base"",""sugar"",""phosphate""]}",nucleobase,gpu,std_xl_p7,30,7,19,95,"CNN,MLP",889.447,measured_other_cv,4447.2,4235.6,144.71,370.61,0.512,n/a,1,False
prim_378938fd247fa277,primary,sherwood,Sherwood,291551,XL,OneHotEncoder,"{""encode_components"":[""base"",""sugar"",""phosphate""]}",random,gpu,std_xl_p7,30,7,19,95,"CNN,MLP",889.447,measured_exact,4447.2,4235.6,144.71,370.61,0.512,n/a,1,False
prim_a19e5be79241b75d,primary,sherwood,Sherwood,291551,XL,OneHotEncoder,"{""encode_components"":[""base""]}",nucleobase,gpu,std_xl_p7,30,7,19,95,"CNN,MLP",889.447,measured_other_cv,4447.2,4235.6,144.71,370.61,0.512,n/a,1,False
prim_27d377e40d840b8c,primary,sherwood,Sherwood,291551,XL,OneHotEncoder,"{""encode_components"":[""base""]}",random,gpu,std_xl_p7,30,7,19,95,"CNN,MLP",889.447,measured_exact,4447.2,4235.6,144.71,370.61,0.512,n/a,1,False
prim_fb2b27e51a7f9154,primary,sherwood,Sherwood,291551,XL,OneHotEncoder,"{""encode_components"":[""base"",""sugar"",""phosphate""]}",random,gpu,std_xl_p7,30,7,27,135,"CNN,GRU,Transformer",889.447,measured_exact,4447.2,4115.7,142.72,362.22,0.519,n/a,1,False
prim_d32cb78026c46d96,primary,sherwood,Sherwood,291551,XL,HELMGraph,{},nucleobase,gpu,std_xl_p7,30,7,1,5,GNN,1395.6,measured_tier_median,6978.0,498.9,124.61,151.22,0.933,n/a,1,False
prim_10d969c97d6d6d49,primary,sherwood,Sherwood,291551,XL,HELMGraph,{},random,gpu,std_xl_p7,30,7,1,5,GNN,1395.6,measured_tier_median,6978.0,498.9,124.61,151.22,0.933,n/a,1,False
prim_e89dae3c9b2f3a84,primary,sherwood,Sherwood,291551,XL,OneHotEncoder,"{""encode_components"":[""base"",""sugar"",""phosphate""]}",nucleobase,gpu,std_xl_p7,30,7,13,65,Transformer,889.447,measured_other_cv,4447.2,1498.6,99.1,179.02,0.748,n/a,1,False
prim_424dfe9aeb94b2af,primary,sherwood,Sherwood,291551,XL,OneHotEncoder,"{""encode_components"":[""base""]}",nucleobase,gpu,std_xl_p7,30,7,12,60,Transformer,889.447,measured_other_cv,4447.2,1383.3,97.18,170.95,0.763,n/a,1,False
prim_ae42e0717d629905,primary,sherwood,Sherwood,291551,XL,OneHotEncoder,"{""encode_components"":[""base""]}",random,gpu,std_xl_p7,30,7,3,15,Transformer,889.447,measured_exact,4447.2,345.8,79.88,98.33,0.928,n/a,1,False
prim_97e0f79696c972d5,primary,sherwood,Sherwood,291551,XL,KMersCounts,"{""k"":[1,2,3],""modification_abundance"":false}",nucleobase,gpu,std_xl_p7,30,2,8,40,MLP,480.639,measured_other_cv,2403.2,1808.9,70.2,166.68,0.571,n/a,1,False
prim_e2cecfb552d9995c,primary,sherwood,Sherwood,291551,XL,KMersCounts,"{""k"":[1,2,3],""modification_abundance"":false}",random,gpu,std_xl_p7,30,7,8,40,MLP,480.639,measured_exact,2403.2,1808.9,70.2,166.68,0.571,n/a,1,False
prim_f6bd59b657c8cd36,primary,sherwood,Sherwood,291551,XL,KMersCounts,"{""k"":[1,2,3],""modification_abundance"":true}",nucleobase,gpu,std_xl_p7,30,7,8,40,MLP,480.639,measured_other_cv,2403.2,1808.9,70.2,166.68,0.571,n/a,1,False
prim_37dd3626ce6863e5,primary,sherwood,Sherwood,291551,XL,KMersCounts,"{""k"":[1,2,3],""modification_abundance"":true}",random,gpu,std_xl_p7,30,7,8,40,MLP,480.639,measured_exact,2403.2,1808.9,70.2,166.68,0.571,n/a,1,False
prim_b6698d3771e032d9,primary,sherwood,Sherwood,291551,XL,KMersCounts,"{""k"":[1,2],""modification_abundance"":false}",nucleobase,gpu,std_xl_p7,30,7,8,40,MLP,480.639,measured_other_cv,2403.2,1808.9,70.2,166.68,0.571,n/a,1,False
prim_05dc9997a767f413,primary,sherwood,Sherwood,291551,XL,KMersCounts,"{""k"":[1,2],""modification_abundance"":false}",random,gpu,std_xl_p7,30,7,8,40,MLP,480.639,measured_exact,2403.2,1808.9,70.2,166.68,0.571,n/a,1,False
prim_2d957cbfdd48dc08,primary,sherwood,Sherwood,291551,XL,KMersCounts,"{""k"":[1,2],""modification_abundance"":true}",nucleobase,gpu,std_xl_p7,30,7,8,40,MLP,480.639,measured_other_cv,2403.2,1808.9,70.2,166.68,0.571,n/a,1,False
prim_bdf7285cca666133,primary,sherwood,Sherwood,291551,XL,KMersCounts,"{""k"":[1,2],""modification_abundance"":true}",random,gpu,std_xl_p7,30,7,8,40,MLP,480.639,measured_exact,2403.2,1808.9,70.2,166.68,0.571,n/a,1,False
prim_6a713ca20fe4f50b,primary,sherwood,Sherwood,291551,XL,KMersCounts,"{""k"":[1],""modification_abundance"":false}",nucleobase,gpu,std_xl_p7,30,7,8,40,MLP,480.639,measured_other_cv,2403.2,1808.9,70.2,166.68,0.571,n/a,1,False
prim_2f83039087a52f7d,primary,sherwood,Sherwood,291551,XL,KMersCounts,"{""k"":[1],""modification_abundance"":false}",random,gpu,std_xl_p7,30,7,8,40,MLP,480.639,measured_exact,2403.2,1808.9,70.2,166.68,0.571,n/a,1,False
prim_84956faed4a2fc53,primary,sherwood,Sherwood,291551,XL,KMersCounts,"{""k"":[1],""modification_abundance"":true}",nucleobase,gpu,std_xl_p7,30,7,8,40,MLP,480.639,measured_other_cv,2403.2,1808.9,70.2,166.68,0.571,n/a,1,False
prim_a51e6780ab698707,primary,sherwood,Sherwood,291551,XL,KMersCounts,"{""k"":[1],""modification_abundance"":true}",random,gpu,std_xl_p7,30,7,8,40,MLP,480.639,measured_exact,2403.2,1808.9,70.2,166.68,0.571,n/a,1,False
prim_9dc092a0b83ae993,primary,asoptimizer_cleaned,ASOptimizer,32602,L,OneHotEncoder,"{""encode_components"":[""base"",""sugar"",""phosphate""]}",nucleobase,gpu,std_l_p8,30,8,7,35,CNN,82.998,measured_exact,415.0,1381.2,29.94,118.56,0.231,n/a,1,False
prim_e1443404e5abe72c,primary,asoptimizer_cleaned,ASOptimizer,32602,L,OneHotEncoder,"{""encode_components"":[""base"",""sugar"",""phosphate""]}",nucleobase,gpu,std_l_p8,30,8,7,35,CNN,82.998,measured_exact,415.0,1381.2,29.94,118.56,0.231,n/a,1,False
prim_8dcb187988aa136d,primary,asoptimizer_cleaned,ASOptimizer,32602,L,OneHotEncoder,"{""encode_components"":[""base""]}",nucleobase,gpu,std_l_p8,30,8,7,35,CNN,82.998,measured_exact,415.0,1381.2,29.94,118.56,0.231,n/a,1,False
prim_4ca3a01c99de2a80,primary,asoptimizer_cleaned,ASOptimizer,32602,L,OneHotEncoder,"{""encode_components"":[""base""]}",nucleobase,gpu,std_l_p8,30,8,7,35,CNN,82.998,measured_exact,415.0,1381.2,29.94,118.56,0.231,n/a,1,False
primm_58baf9895d2394ae,primary,MIXED,Cytotox LNA|Ichihara|Shmushkovich|TLR8|siRNAmod,907,S,MIXED,MIXED,MIXED,gpu,std_s_p8,16,8,1237,6185,"CNN,GNN,GRU,MLP,Transformer",22.471,measured_exact|measured_tier_median,112.9,1680.9,29.93,137.73,0.063,n/a,21,True
primm_6fe6e547dee772f9,primary,MIXED,Cytotox LNA|Huesken|Neurotox LNA|Neurotox MOE|TLR7,2437,M,RNAFMEmbeddings,MIXED,random,gpu,rnafm16,16,1,27,135,"CNN,LinearModel,Transformer",64.277,measured_exact|measured_tier_median,321.4,1472.4,29.91,29.91,0.179,n/a,6,True
primm_878da2cc9a610afa,primary,MIXED,Huesken|Neurotox LNA|Neurotox MOE|OpenASO,3913,M,MIXED,MIXED,MIXED,gpu,std_m_p8,16,8,88,440,"GNN,MLP",94.303,measured_exact|measured_tier_median,471.5,1323.4,29.91,114.85,0.263,n/a,9,True
primm_200bd5f7cc08daae,primary,MIXED,Neurotox LNA|Neurotox MOE|OpenASO,3913,M,KMersCounts,MIXED,MIXED,gpu,std_m_p8,16,8,256,1280,MLP,156.864,measured_tier_median,784.0,1004.8,29.76,94.4,0.439,n/a,32,True
primm_9b22a50987e18263,primary,MIXED,Cytotox LNA|Huesken|Ichihara|OpenASO|Shmushkovich|TLR8,3913,M,RNAFMEmbeddings,MIXED,random,gpu,rnafm16,16,1,136,680,"CNN,LinearModel,Transformer",48.408,measured_exact|measured_tier_median,242.0,1538.2,29.68,29.68,0.136,n/a,7,True
prim_5af071a3f70f6fd7,primary,siRNA1,Huesken,2431,M,RNAFMEmbeddings,"{""flatten"":false}",random,gpu,rnafm16,16,1,25,125,Transformer,14.403,measured_exact,72.0,1693.9,29.43,29.43,0.041,n/a,1,False
prim_17b298fb1f6aec46,primary,acute_neurotox_lna,Neurotox LNA,1825,M,RNAFMEmbeddings,"{""flatten"":false}",random,gpu,rnafm16,16,1,25,125,Transformer,14.403,measured_tier_median,72.0,1693.9,29.43,29.43,0.041,n/a,1,False
prim_392aa831b16abf7e,primary,acute_neurotox_moe_cleaned,Neurotox MOE,2437,M,RNAFMEmbeddings,"{""flatten"":false}",random,gpu,rnafm16,16,1,25,125,Transformer,14.403,measured_tier_median,72.0,1693.9,29.43,29.43,0.041,n/a,1,False
prim_fe71d10d6667e0ec,primary,openASO,OpenASO,3913,M,RNAFMEmbeddings,"{""flatten"":false}",random,gpu,rnafm16,16,1,25,125,Transformer,14.403,measured_tier_median,72.0,1693.9,29.43,29.43,0.041,n/a,1,False
primm_959cd271f6ebdc24,primary,MIXED,Huesken|Neurotox LNA|Neurotox MOE|OpenASO,3913,M,MIXED,MIXED,MIXED,gpu,std_m_p8,16,8,80,400,"GNN,MLP",91.326,measured_exact|measured_tier_median,456.6,1292.0,29.14,112.06,0.261,n/a,8,True
prim_738140c10487f4ef,primary,asoptimizer_cleaned,ASOptimizer,32602,L,OneHotEncoder,"{""encode_components"":[""base"",""sugar"",""phosphate""]}",nucleobase,gpu,std_l_p8,30,8,11,55,"GRU,MLP",82.998,measured_exact,415.0,1332.8,29.13,114.65,0.237,n/a,1,False
prim_2f61c611547ec347,primary,asoptimizer_cleaned,ASOptimizer,32602,L,OneHotEncoder,"{""encode_components"":[""base""]}",nucleobase,gpu,std_l_p8,30,8,11,55,"GRU,MLP",82.998,measured_exact,415.0,1332.8,29.13,114.65,0.237,n/a,1,False
prim_9d65c56456470d0e,primary,asoptimizer_cleaned,ASOptimizer,32602,L,OneHotEncoder,"{""encode_components"":[""base"",""sugar"",""phosphate""]}",nucleobase,gpu,std_l_p8,30,2,19,95,Transformer,82.998,measured_exact,415.0,1326.4,29.02,114.13,0.238,n/a,1,False
prim_5fbd728adf1a0a07,primary,asoptimizer_cleaned,ASOptimizer,32602,L,OneHotEncoder,"{""encode_components"":[""base""]}",nucleobase,gpu,std_l_p8,30,8,19,95,Transformer,82.998,measured_exact,415.0,1326.4,29.02,114.13,0.238,n/a,1,False
prim_7056bef21531fb50,primary,asoptimizer_cleaned,ASOptimizer,32602,L,OneHotEncoder,"{""encode_components"":[""base"",""sugar"",""phosphate""]}",random,gpu,std_l_p8,30,8,15,75,"GRU,MLP,Transformer",89.717,measured_exact,448.6,1282.8,28.86,111.17,0.259,n/a,1,False
prim_f45b9f24c0f3b0e0,primary,asoptimizer_cleaned,ASOptimizer,32602,L,OneHotEncoder,"{""encode_components"":[""base""]}",random,gpu,std_l_p8,30,8,15,75,"GRU,MLP,Transformer",89.717,measured_exact,448.6,1282.8,28.86,111.17,0.259,n/a,1,False
prim_a2d099b72b7fabe9,primary,asoptimizer_cleaned,ASOptimizer,32602,L,OneHotEncoder,"{""encode_components"":[""base"",""sugar"",""phosphate""]}",nucleobase,gpu,std_l_p8,30,8,7,35,"CNN,MLP",82.998,measured_exact,415.0,1308.5,28.73,112.69,0.241,n/a,1,False
prim_1975ecf5640b933b,primary,asoptimizer_cleaned,ASOptimizer,32602,L,OneHotEncoder,"{""encode_components"":[""base""]}",nucleobase,gpu,std_l_p8,30,8,7,35,"CNN,MLP",82.998,measured_exact,415.0,1308.5,28.73,112.69,0.241,n/a,1,False
prim_15ad6d9fe8c55adb,primary,asoptimizer_cleaned,ASOptimizer,32602,L,OneHotEncoder,"{""encode_components"":[""base"",""sugar"",""phosphate""]}",random,gpu,std_l_p8,30,8,9,45,"CNN,MLP",89.717,measured_exact,448.6,1267.3,28.6,109.92,0.261,n/a,1,False
prim_19fc527a8ec1c568,primary,asoptimizer_cleaned,ASOptimizer,32602,L,OneHotEncoder,"{""encode_components"":[""base""]}",random,gpu,std_l_p8,30,8,9,45,"CNN,MLP",89.717,measured_exact,448.6,1267.3,28.6,109.92,0.261,n/a,1,False
prim_8d42d693a343bed0,primary,asoptimizer_cleaned,ASOptimizer,32602,L,RNAFMEmbeddings,{},random,gpu,rnafm16,16,1,2,10,"CNN,LinearModel",113.385,measured_exact,566.9,1136.4,28.39,28.39,0.333,n/a,1,False
prim_0954bc21d183d94c,primary,asoptimizer_cleaned,ASOptimizer,32602,L,OneHotEncoder,"{""encode_components"":[""base"",""sugar"",""phosphate""]}",random,gpu,std_l_p8,30,8,6,30,CNN,89.717,measured_exact,448.6,1183.9,27.21,103.17,0.275,n/a,1,False
prim_ace8e8e2b07250cb,primary,asoptimizer_cleaned,ASOptimizer,32602,L,OneHotEncoder,"{""encode_components"":[""base"",""sugar"",""phosphate""]}",random,gpu,std_l_p8,30,8,6,30,CNN,89.717,measured_exact,448.6,1183.9,27.21,103.17,0.275,n/a,1,False
prim_417cadc1fd1648a9,primary,asoptimizer_cleaned,ASOptimizer,32602,L,OneHotEncoder,"{""encode_components"":[""base"",""sugar"",""phosphate""]}",random,gpu,std_l_p8,30,8,6,30,CNN,89.717,measured_exact,448.6,1183.9,27.21,103.17,0.275,n/a,1,False
prim_ea55b50050b76a40,primary,asoptimizer_cleaned,ASOptimizer,32602,L,OneHotEncoder,"{""encode_components"":[""base""]}",random,gpu,std_l_p8,30,8,6,30,CNN,89.717,measured_exact,448.6,1183.9,27.21,103.17,0.275,n/a,1,False
prim_c71c81e3109fcf1f,primary,asoptimizer_cleaned,ASOptimizer,32602,L,OneHotEncoder,"{""encode_components"":[""base""]}",random,gpu,std_l_p8,30,8,6,30,CNN,89.717,measured_exact,448.6,1183.9,27.21,103.17,0.275,n/a,1,False
prim_f8c845e8053fa6b7,primary,asoptimizer_cleaned,ASOptimizer,32602,L,OneHotEncoder,"{""encode_components"":[""base""]}",random,gpu,std_l_p8,30,8,6,30,CNN,89.717,measured_exact,448.6,1183.9,27.21,103.17,0.275,n/a,1,False
prim_94eaece2e1583de8,primary,asoptimizer_cleaned,ASOptimizer,32602,L,HELMGraph,{},nucleobase,gpu,std_l_p8,30,2,3,15,GNN,136.824,measured_exact,684.1,906.4,26.51,84.67,0.43,n/a,1,False
prim_25b4f4dd966d3510,primary,asoptimizer_cleaned,ASOptimizer,32602,L,HELMGraph,{},nucleobase,gpu,std_l_p8,30,8,3,15,GNN,136.824,measured_exact,684.1,906.4,26.51,84.67,0.43,n/a,1,False
prim_8f95c45d99df2f7f,primary,asoptimizer_cleaned,ASOptimizer,32602,L,HELMGraph,{},nucleobase,gpu,std_l_p8,30,8,3,15,GNN,136.824,measured_exact,684.1,906.4,26.51,84.67,0.43,n/a,1,False
prim_404a8e17e93eae6f,primary,asoptimizer_cleaned,ASOptimizer,32602,L,HELMGraph,{},nucleobase,gpu,std_l_p8,30,8,3,15,GNN,136.824,measured_exact,684.1,906.4,26.51,84.67,0.43,n/a,1,False
prim_c78ea9bd13dd0771,primary,asoptimizer_cleaned,ASOptimizer,32602,L,HELMGraph,{},random,gpu,std_l_p8,30,8,3,15,GNN,136.824,measured_other_cv,684.1,906.4,26.51,84.67,0.43,n/a,1,False
prim_96d5e4a7676bfc97,primary,asoptimizer_cleaned,ASOptimizer,32602,L,HELMGraph,{},random,gpu,std_l_p8,30,8,3,15,GNN,136.824,measured_other_cv,684.1,906.4,26.51,84.67,0.43,n/a,1,False
prim_20ce9eb129e6c522,primary,asoptimizer_cleaned,ASOptimizer,32602,L,HELMGraph,{},random,gpu,std_l_p8,30,8,3,15,GNN,136.824,measured_other_cv,684.1,906.4,26.51,84.67,0.43,n/a,1,False
prim_0a97ce905c3f77e7,primary,asoptimizer_cleaned,ASOptimizer,32602,L,HELMGraph,{},random,gpu,std_l_p8,30,8,3,15,GNN,136.824,measured_other_cv,684.1,906.4,26.51,84.67,0.43,n/a,1,False
prim_ced21c5872253c69,primary,asoptimizer_cleaned,ASOptimizer,32602,L,OneHotEncoder,"{""encode_components"":[""base"",""sugar"",""phosphate""]}",random,gpu,std_l_p8,30,8,16,80,Transformer,89.717,measured_exact,448.6,1116.9,26.09,97.76,0.287,n/a,1,False
prim_dc8b97d0a2498f9d,primary,asoptimizer_cleaned,ASOptimizer,32602,L,RNAFMEmbeddings,"{""flatten"":false}",random,gpu,rnafm16,16,1,2,10,Transformer,113.385,measured_exact,566.9,903.2,24.5,24.5,0.386,n/a,1,False
prim_07c7e1ea997248cb,primary,asoptimizer_cleaned,ASOptimizer,32602,L,RNAFMEmbeddings,"{""flatten"":false}",random,gpu,rnafm16,16,1,2,10,Transformer,113.385,measured_exact,566.9,903.2,24.5,24.5,0.386,n/a,1,False
prim_b1525100cd21252d,primary,asoptimizer_cleaned,ASOptimizer,32602,L,RNAFMEmbeddings,"{""flatten"":false}",random,gpu,rnafm16,16,1,2,10,Transformer,113.385,measured_exact,566.9,903.2,24.5,24.5,0.386,n/a,1,False
prim_b1e014cb8c56d435,primary,asoptimizer_cleaned,ASOptimizer,32602,L,RNAFMEmbeddings,"{""flatten"":false}",random,gpu,rnafm16,16,1,2,10,Transformer,113.385,measured_exact,566.9,903.2,24.5,24.5,0.386,n/a,1,False
prim_239fd0d089bf0378,primary,asoptimizer_cleaned,ASOptimizer,32602,L,RNAFMEmbeddings,"{""flatten"":false}",random,gpu,rnafm16,16,1,2,10,Transformer,113.385,measured_exact,566.9,903.2,24.5,24.5,0.386,n/a,1,False
prim_c02fd19fb798cb67,primary,asoptimizer_cleaned,ASOptimizer,32602,L,RNAFMEmbeddings,"{""flatten"":false}",random,gpu,rnafm16,16,1,2,10,Transformer,113.385,measured_exact,566.9,903.2,24.5,24.5,0.386,n/a,1,False
prim_bf0ce8c568d9c89d,primary,asoptimizer_cleaned,ASOptimizer,32602,L,RNAFMEmbeddings,"{""flatten"":false}",random,gpu,rnafm16,16,1,2,10,Transformer,113.385,measured_exact,566.9,903.2,24.5,24.5,0.386,n/a,1,False
prim_e203b8369f4b509a,primary,asoptimizer_cleaned,ASOptimizer,32602,L,RNAFMEmbeddings,"{""flatten"":false}",random,gpu,rnafm16,16,1,2,10,Transformer,113.385,measured_exact,566.9,903.2,24.5,24.5,0.386,n/a,1,False
prim_44d4abb5f0ed3978,primary,asoptimizer_cleaned,ASOptimizer,32602,L,RNAFMEmbeddings,"{""flatten"":false}",random,gpu,rnafm16,16,1,2,10,Transformer,113.385,measured_exact,566.9,903.2,24.5,24.5,0.386,n/a,1,False
primm_40f746bddd12c68d,primary,MIXED,Cytotox LNA|Ichihara|Shmushkovich|TLR7|TLR8|siRNAmod,907,S,MIXED,MIXED,MIXED,gpu,std_s_p8,16,8,1016,5080,"CNN,GNN,GRU,MLP,Transformer",54.557,measured_exact|measured_other_cv|measured_tier_median,271.6,1105.6,23.19,93.95,0.195,n/a,87,True
prim_5b968eea5df0dc00,primary,asoptimizer_cleaned,ASOptimizer,32602,L,OneHotEncoder,"{""encode_components"":[""base"",""sugar"",""phosphate""]}",nucleobase,gpu,std_l_p8,30,8,13,65,Transformer,82.998,measured_exact,415.0,907.5,22.04,80.27,0.314,n/a,1,False
prim_4eeece37dd5737f6,primary,asoptimizer_cleaned,ASOptimizer,32602,L,OneHotEncoder,"{""encode_components"":[""base""]}",nucleobase,gpu,std_l_p8,30,8,13,65,Transformer,82.998,measured_exact,415.0,907.5,22.04,80.27,0.314,n/a,1,False
prim_0ea2b37a44d95f41,primary,asoptimizer_cleaned,ASOptimizer,32602,L,KMersCounts,"{""k"":[1,2,3],""modification_abundance"":false}",nucleobase,gpu,std_l_p8,30,8,8,40,MLP,48.508,measured_exact,242.5,997.3,20.66,84.66,0.196,n/a,1,False
prim_8e067466e50451ca,primary,asoptimizer_cleaned,ASOptimizer,32602,L,KMersCounts,"{""k"":[1,2,3],""modification_abundance"":false}",random,gpu,std_l_p8,30,8,8,40,MLP,48.42,measured_exact,242.1,997.3,20.66,84.65,0.195,n/a,1,False
prim_d17afb65ec24bcd2,primary,asoptimizer_cleaned,ASOptimizer,32602,L,KMersCounts,"{""k"":[1,2,3],""modification_abundance"":true}",nucleobase,gpu,std_l_p8,30,8,8,40,MLP,48.508,measured_exact,242.5,997.3,20.66,84.66,0.196,n/a,1,False
prim_5fde8515f45acee8,primary,asoptimizer_cleaned,ASOptimizer,32602,L,KMersCounts,"{""k"":[1,2,3],""modification_abundance"":true}",random,gpu,std_l_p8,30,8,8,40,MLP,48.42,measured_exact,242.1,997.3,20.66,84.65,0.195,n/a,1,False
prim_aafe6af5e74e85f4,primary,asoptimizer_cleaned,ASOptimizer,32602,L,KMersCounts,"{""k"":[1,2],""modification_abundance"":false}",nucleobase,gpu,std_l_p8,30,8,8,40,MLP,48.508,measured_exact,242.5,997.3,20.66,84.66,0.196,n/a,1,False
prim_6198145cecadc472,primary,asoptimizer_cleaned,ASOptimizer,32602,L,KMersCounts,"{""k"":[1,2],""modification_abundance"":false}",random,gpu,std_l_p8,30,8,8,40,MLP,48.42,measured_exact,242.1,997.3,20.66,84.65,0.195,n/a,1,False
prim_628e18d1cda4044e,primary,asoptimizer_cleaned,ASOptimizer,32602,L,KMersCounts,"{""k"":[1,2],""modification_abundance"":true}",nucleobase,gpu,std_l_p8,30,8,8,40,MLP,48.508,measured_exact,242.5,997.3,20.66,84.66,0.196,n/a,1,False
prim_b858d755ba02f8b4,primary,asoptimizer_cleaned,ASOptimizer,32602,L,KMersCounts,"{""k"":[1,2],""modification_abundance"":true}",random,gpu,std_l_p8,30,8,8,40,MLP,48.42,measured_exact,242.1,997.3,20.66,84.65,0.195,n/a,1,False
prim_2226cdb1bfc225d7,primary,asoptimizer_cleaned,ASOptimizer,32602,L,KMersCounts,"{""k"":[1],""modification_abundance"":false}",nucleobase,gpu,std_l_p8,30,8,8,40,MLP,48.508,measured_exact,242.5,997.3,20.66,84.66,0.196,n/a,1,False
prim_6edd52f4b8f90ab3,primary,asoptimizer_cleaned,ASOptimizer,32602,L,KMersCounts,"{""k"":[1],""modification_abundance"":false}",random,gpu,std_l_p8,30,8,8,40,MLP,48.42,measured_exact,242.1,997.3,20.66,84.65,0.195,n/a,1,False
prim_91d4ea8c50bb3292,primary,asoptimizer_cleaned,ASOptimizer,32602,L,KMersCounts,"{""k"":[1],""modification_abundance"":true}",nucleobase,gpu,std_l_p8,30,8,8,40,MLP,48.508,measured_exact,242.5,997.3,20.66,84.66,0.196,n/a,1,False
prim_73464b96e29cd541,primary,asoptimizer_cleaned,ASOptimizer,32602,L,KMersCounts,"{""k"":[1],""modification_abundance"":true}",random,gpu,std_l_p8,30,8,8,40,MLP,48.42,measured_exact,242.1,997.3,20.66,84.65,0.195,n/a,1,False
prim_e30b16c0498d005d,primary,asoptimizer_cleaned,ASOptimizer,32602,L,RNAFMEmbeddings,"{""flatten"":false}",random,gpu,rnafm16,16,1,1,5,Transformer,113.385,measured_exact,566.9,451.6,16.98,16.98,0.557,n/a,1,False
primm_33b7923835843bc2,primary,MIXED,Neurotox MOE|OpenASO|Shmushkovich|TLR7|TLR8|siRNAmod,3913,S,RNAFMEmbeddings,MIXED,random,gpu,rnafm16,16,1,74,370,"CNN,LinearModel,Transformer",46.933,measured_exact|measured_tier_median,234.6,705.5,15.67,15.67,0.25,n/a,7,True
prim_76f5a6f0388e4b8f,primary,siRNA1,Huesken,2431,M,OneHotEncoder,"{""encode_components"":[""base"",""sugar"",""phosphate""]}",nucleobase,gpu,std_m_p8,16,8,64,320,"CNN,GRU,MLP,Transformer",8.263,measured_exact,41.3,716.3,12.63,58.59,0.055,n/a,1,False
prim_17e91ccd3c4e4437,primary,siRNA1,Huesken,2431,M,OneHotEncoder,"{""encode_components"":[""base""]}",nucleobase,gpu,std_m_p8,16,8,64,320,"CNN,GRU,MLP,Transformer",8.263,measured_exact,41.3,716.3,12.63,58.59,0.055,n/a,1,False
prim_8d24dcf3f154c775,primary,acute_neurotox_lna,Neurotox LNA,1825,M,OneHotEncoder,"{""encode_components"":[""base"",""sugar"",""phosphate""]}",nucleobase,gpu,std_m_p8,16,8,64,320,"CNN,GRU,MLP,Transformer",8.005,measured_tier_median,40.0,716.3,12.61,58.57,0.053,n/a,1,False
prim_9d9e19378ffe0eeb,primary,acute_neurotox_lna,Neurotox LNA,1825,M,OneHotEncoder,"{""encode_components"":[""base"",""sugar"",""phosphate""]}",random,gpu,std_m_p8,16,8,64,320,"CNN,GRU,MLP,Transformer",8.005,measured_tier_median,40.0,716.3,12.61,58.57,0.053,n/a,1,False
prim_7fbb9ddb4761f611,primary,acute_neurotox_lna,Neurotox LNA,1825,M,OneHotEncoder,"{""encode_components"":[""base""]}",nucleobase,gpu,std_m_p8,16,8,64,320,"CNN,GRU,MLP,Transformer",8.005,measured_tier_median,40.0,716.3,12.61,58.57,0.053,n/a,1,False
prim_c1d3dd2cc82ffe32,primary,acute_neurotox_lna,Neurotox LNA,1825,M,OneHotEncoder,"{""encode_components"":[""base""]}",random,gpu,std_m_p8,16,8,64,320,"CNN,GRU,MLP,Transformer",8.005,measured_tier_median,40.0,716.3,12.61,58.57,0.053,n/a,1,False
prim_a74509ec84b541d9,primary,acute_neurotox_moe_cleaned,Neurotox MOE,2437,M,OneHotEncoder,"{""encode_components"":[""base"",""sugar"",""phosphate""]}",nucleobase,gpu,std_m_p8,16,8,64,320,"CNN,GRU,MLP,Transformer",8.005,measured_tier_median,40.0,716.3,12.61,58.57,0.053,n/a,1,False
prim_dfabc6bc222be5f0,primary,acute_neurotox_moe_cleaned,Neurotox MOE,2437,M,OneHotEncoder,"{""encode_components"":[""base"",""sugar"",""phosphate""]}",random,gpu,std_m_p8,16,8,64,320,"CNN,GRU,MLP,Transformer",8.005,measured_tier_median,40.0,716.3,12.61,58.57,0.053,n/a,1,False
prim_b4b217f7b4d10f13,primary,acute_neurotox_moe_cleaned,Neurotox MOE,2437,M,OneHotEncoder,"{""encode_components"":[""base""]}",nucleobase,gpu,std_m_p8,16,8,64,320,"CNN,GRU,MLP,Transformer",8.005,measured_tier_median,40.0,716.3,12.61,58.57,0.053,n/a,1,False
prim_a8005936a1640238,primary,acute_neurotox_moe_cleaned,Neurotox MOE,2437,M,OneHotEncoder,"{""encode_components"":[""base""]}",random,gpu,std_m_p8,16,8,64,320,"CNN,GRU,MLP,Transformer",8.005,measured_tier_median,40.0,716.3,12.61,58.57,0.053,n/a,1,False
prim_763562caf3c999b5,primary,openASO,OpenASO,3913,M,OneHotEncoder,"{""encode_components"":[""base"",""sugar"",""phosphate""]}",nucleobase,gpu,std_m_p8,16,8,64,320,"CNN,GRU,MLP,Transformer",8.005,measured_tier_median,40.0,716.3,12.61,58.57,0.053,n/a,1,False
prim_5e475230f1af4d6b,primary,openASO,OpenASO,3913,M,OneHotEncoder,"{""encode_components"":[""base""]}",nucleobase,gpu,std_m_p8,16,8,64,320,"CNN,GRU,MLP,Transformer",8.005,measured_tier_median,40.0,716.3,12.61,58.57,0.053,n/a,1,False
prim_4c91275e31a43e42,primary,siRNA1,Huesken,2431,M,OneHotEncoder,"{""encode_components"":[""base"",""sugar"",""phosphate""]}",random,gpu,std_m_p8,16,8,64,320,"CNN,GRU,MLP,Transformer",7.84,measured_exact,39.2,716.3,12.59,58.55,0.052,n/a,1,False
prim_b0178f58363173cb,primary,siRNA1,Huesken,2431,M,OneHotEncoder,"{""encode_components"":[""base""]}",random,gpu,std_m_p8,16,8,64,320,"CNN,GRU,MLP,Transformer",7.84,measured_exact,39.2,716.3,12.59,58.55,0.052,n/a,1,False
prim_ae2be250c9fcbcd0,primary,asoptimizer_cleaned,ASOptimizer,32602,L,OneHotEncoder,"{""encode_components"":[""base""]}",random,gpu,std_l_p8,30,8,3,15,Transformer,89.717,measured_exact,448.6,209.4,10.97,24.41,0.682,n/a,1,False
prim_386a1352f94cbfd9,primary,openASO,OpenASO,3913,M,OneHotEncoder,"{""encode_components"":[""base"",""sugar"",""phosphate""]}",random,gpu,std_m_p8,16,8,48,240,"CNN,GRU,MLP,Transformer",8.005,measured_tier_median,40.0,562.2,10.04,46.11,0.066,n/a,1,False
prim_215e265cd6d5ddd8,primary,openASO,OpenASO,3913,M,OneHotEncoder,"{""encode_components"":[""base""]}",random,gpu,std_m_p8,16,8,48,240,"CNN,GRU,MLP,Transformer",8.005,measured_tier_median,40.0,562.2,10.04,46.11,0.066,n/a,1,False
primm_9393581be0637bec,primary,MIXED,Huesken|OpenASO,3913,M,KMersCounts,MIXED,random,gpu,std_m_p8,16,8,56,280,MLP,31.674,measured_exact|measured_tier_median,158.3,219.8,6.33,20.41,0.417,n/a,7,True
